roll_number,vote_date,title,question,result,yeas,nays,present,absent
1,"January 23, 2023,  05:26 PM","Confirmation: Brendan Owens, of Virginia, to be an Assistant Secretary of Defense",On the Nomination PN1,Nomination Confirmed (60-35),60,35,0,5
2,"January 26, 2023,  01:40 PM",S.Res. 13,On the Resolution S.Res. 13,Resolution Agreed to (94-0),94,0,0,6
3,"January 30, 2023,  05:30 PM","Confirmation: Roger Israel Zakheim, of Maryland, to be a Member of the Board of Directors of the United States Institute of Peace",On the Nomination PN62,Nomination Confirmed (84-10),84,10,0,6
4,"February 1, 2023,  03:29 PM",S. Res. 21,On the Resolution S.Res. 21,Resolution Agreed to (97-0),97,0,0,3
5,"February 2, 2023,  01:38 PM","Confirmation: Joseph Lee Falk, of Florida, to be a Member of the Board of Directors of the U.S. Institute of Peace",On the Nomination PN61,Nomination Confirmed (60-37),60,37,0,3
6,"February 7, 2023,  05:31 PM",Motion to Invoke Cloture: DeAndrea Gist Benjamin to be U.S. Circuit Judge for the Fourth Circuit,On the Cloture Motion PN88,Cloture Motion Agreed to (54-43),54,43,0,3
7,"February 9, 2023,  11:09 AM","Confirmation: DeAndrea Gist Benjamin, of South Carolina, to be U.S. Circuit Judge for the Fourth Circuit",On the Nomination PN88,Nomination Confirmed (53-44),53,44,0,3
8,"February 9, 2023,  01:41 PM",Motion to Invoke Cloture: Cindy K. Chung to be U.S. Circuit Judge for the Third Circuit,On the Cloture Motion PN92,Cloture Motion Agreed to (52-46),52,46,0,2
9,"February 13, 2023,  05:35 PM","Confirmation: Cindy K. Chung. of Pennsylvania, to be United States Circuit Judge for the Third Circuit.",On the Nomination PN92,Nomination Confirmed (50-44),50,44,0,6
10,"February 13, 2023,  06:21 PM",Motion to Invoke Cloture: Gina R. Mendez-Miro to be U.S. District Judge for the District of Puerto Rico,On the Cloture Motion PN79,Cloture Motion Agreed to (52-44),52,44,0,4
11,"February 14, 2023,  11:37 AM","Confirmation: Gina R. Mendez-Miro, of Puerto Rico, to be U.S. District Judge for the District of Puerto Rico",On the Nomination PN79,Nomination Confirmed (54-45),54,45,0,1
12,"February 14, 2023,  12:26 PM",Motion to Invoke Cloture: Lindsay C. Jenkins to be U.S. District Judge for the Northern District of Illinois,On the Cloture Motion PN74,Cloture Motion Agreed to (58-41),58,41,0,1
13,"February 14, 2023,  02:15 PM","Confirmation: Lindsay C. Jenkins, of Illinois, to be United States District Judge for the Northern District of Illinois",On the Nomination PN74,Nomination Confirmed (59-40),59,40,0,1
14,"February 14, 2023,  02:57 PM",Motion to Invoke Cloture: Matthew L. Garcia to be U.S. District Judge for the District of New Mexico,On the Cloture Motion PN72,Cloture Motion Agreed to (54-45),54,45,0,1
15,"February 14, 2023,  04:28 PM","Confirmation: Matthew L. Garcia, of New Mexico, to be U.S. District Judge for the District of New Mexico",On the Nomination PN72,Nomination Confirmed (53-46),53,46,0,1
16,"February 14, 2023,  05:14 PM",Motion to Invoke Cloture: Adrienne C. Nelson to be U.S. District Judge for the District of Oregon,On the Cloture Motion PN71,Cloture Motion Agreed to (53-44),53,44,0,3
17,"February 15, 2023,  11:31 AM","Confirmation: Adrienne C. Nelson, of Oregon, to be U.S. District Judge for the District of Oregon",On the Nomination PN71,Nomination Confirmed (52-46),52,46,0,2
18,"February 15, 2023,  12:26 PM",Motion to Invoke Cloture: Ana C. Reyes to be U.S. District Judge for the District of Columbia,On the Cloture Motion PN80,Cloture Motion Agreed to (52-47),52,47,0,1
19,"February 15, 2023,  01:57 PM",Motion to Invoke Cloture: Daniel J. Calabretta to be U.S. District Judge for the Eastern District of California,On the Cloture Motion PN73,Cloture Motion Agreed to (52-46),52,46,0,2
20,"February 15, 2023,  04:36 PM","Confirmation: Ana C. Reyes, of the District of Columbia, to be United States District Judge for the District of Columbia",On the Nomination PN80,Nomination Confirmed (51-47),51,47,0,2
21,"February 15, 2023,  05:21 PM",Motion to Invoke Cloture: Lester Martinez Lopez to be an Assistant Secretary of Defense,On the Cloture Motion PN3,Cloture Motion Agreed to (64-33),64,33,0,3
22,"February 16, 2023,  11:27 PM","Confirmation: Daniel J. Calabretta, of California, to be U.S. District Judge for the Eastern District of California",On the Nomination PN73,Nomination Confirmed (51-45),51,45,0,4
23,"February 16, 2023,  12:20 PM","Confirmation: Lester Martinez-Lopez, of Florida, to be an Assistant Secretary of Defense",On the Nomination PN3,Nomination Confirmed (61-34),61,34,0,5
24,"February 16, 2023,  01:40 PM",Motion to Invoke Cloture: Maria Araujo Kahn to be U.S. Circuit Judge for the Second Circuit,On the Cloture Motion PN91,Cloture Motion Agreed to (50-44),50,44,0,6
25,"February 27, 2023,  05:34 PM",Motion to Invoke Cloture: Jamar K. Walker to be U.S. District Judge for the Eastern District of Virginia,On the Cloture Motion PN78,Cloture Motion Agreed to (52-39),52,39,0,9
26,"February 28, 2023,  11:27 AM","Confirmation: Jamar K. Walker, of Virginia, to be U.S. District Judge for the Eastern District of Virginia",On the Nomination PN78,Nomination Confirmed (52-41),52,41,0,7
27,"February 28, 2023,  12:20 PM",Motion to Invoke Cloture: Jamal N. Whitehead to be U.S. District Judge for the Western District of Washington,On the Cloture Motion PN75,Cloture Motion Agreed to (51-43),51,43,0,6
28,"February 28, 2023,  02:15 PM","Confirmation: Jamal N. Whitehead, of Washington, to be U.S. District Judge for the Western District of Washington",On the Nomination PN75,Nomination Confirmed (51-43),51,43,0,6
29,"February 28, 2023,  02:53 PM",Motion to Invoke Cloture: Araceli Martinez-Olguin to be U.S. District Judge for the Northern District of California.,On the Cloture Motion PN76,Cloture Motion Agreed to (48-47),48,47,0,5
30,"February 28, 2023,  04:27 PM","Confirmation: Araceli Martinez-Olguin, of California, to be U.S. District Judge for the Northern District of California",On the Nomination PN76,"Nomination Confirmed (48-48, Vice President of the United States, voted Yea)",48,48,0,4
31,"February 28, 2023,  05:44 PM",Motion to Invoke Cloture: Margaret R. Guzman to be U.S. District Judge for the District of Massachusetts,On the Cloture Motion PN77,"Cloture Motion Agreed to (48-48, Vice President of the United States, voted Yea)",48,48,0,4
32,"March 1, 2023,  11:31 AM","Confirmation: Margaret R. Guzman, of Massachusetts, to be U.S. District Judge for the District of Massachusetts",On the Nomination PN77,"Nomination Confirmed (48-48, Vice President of the United States, voted Yea)",48,48,0,4
33,"March 1, 2023,  12:33 PM",Motion to Invoke Cloture: Colleen R. Lawless to be U.S. District Judge for the Central District of Illinois,On the Cloture Motion PN170,Cloture Motion Agreed to (53-43),53,43,0,4
34,"March 1, 2023,  02:23 PM",Motion to Invoke Cloture: Jonathan James Canada Grey to be U.S. District Judge for the Eastern District of Michigan,On the Cloture Motion PN171,Cloture Motion Agreed to (52-44),52,44,0,4
35,"March 1, 2023,  04:08 PM",H.J. Res. 30,On the Joint Resolution H.J.Res. 30,Joint Resolution Passed (50-46),50,46,0,4
36,"March 1, 2023,  04:53 PM","Motion to Invoke Cloture: James Edward Simmons, Jr., to be U.S. District Judge for the Southern District of California",On the Cloture Motion PN175,Cloture Motion Agreed to (51-45),51,45,0,4
37,"March 2, 2023,  11:55 AM","Confirmation: Colleen R. Lawless, of Illinois, to be U.S. District Judge for the Central District of Illinois",On the Nomination PN170,Nomination Confirmed (51-41),51,41,0,8
38,"March 2, 2023,  12:41 PM",Motion to Invoke Cloture: Gordon P. Gallagher to be U.S. District Judge for the District of Colorado,On the Cloture Motion PN176,Cloture Motion Agreed to (50-41),50,41,0,9
39,"March 2, 2023,  01:45 PM","Confirmation: Jonathan James Canada Grey, of Michigan, to be U.S. District Judge for the Eastern District of Michigan",On the Nomination PN171,Nomination Confirmed (49-42),49,42,0,9
40,"March 6, 2023,  05:31 PM",Motion to Invoke Cloture: Robert Stewart Ballou to be U.S. District Judge for the Western District of Virginia,On the Cloture Motion PN166,Cloture Motion Agreed to (59-35),59,35,0,6
41,"March 7, 2023,  11:32 AM","Confirmation: Robert Stewart Ballou, of Virginia, to be U.S. District Judge for the Western District of Virginia",On the Nomination PN166,Nomination Confirmed (59-37),59,37,0,4
42,"March 7, 2023,  12:26 PM",Motion to Invoke Cloture: Andrew G. Schopler to be U.S. District Judge for the Southern District of California,On the Cloture Motion PN178,Cloture Motion Agreed to (57-39),57,39,0,4
43,"March 7, 2023,  02:15 PM","Confirmation: Andrew G. Schopler, of California, to be U.S. District Judge for the Southern District of California",On the Nomination PN178,Nomination Confirmed (56-39),56,39,0,5
44,"March 7, 2023,  02:53 PM",Motion to Invoke Cloture: Arun Subramanian to be U.S. District Judge for the Southern District of New York,On the Cloture Motion PN179,Cloture Motion Agreed to (58-37),58,37,0,5
45,"March 7, 2023,  04:33 PM","Confirmation: Arun Subramanian, of New York, to be U.S. District Judge for the Southern District of New York",On the Nomination PN179,Nomination Confirmed (59-37),59,37,0,4
46,"March 7, 2023,  05:26 PM","Motion to Invoke Cloture: Patrice H. Kunesh to be Commissioner of the Administration for Native Americans, Department of Health and Human Services",On the Cloture Motion PN162,Cloture Motion Agreed to (62-34),62,34,0,4
47,"March 8, 2023,  10:48 AM","Confirmation: Patrice H. Kunesh, of Minnesota, to be Commissioner of the Administration for Native Americans, Department of Health and Human Services",On the Nomination PN162,Nomination Confirmed (57-35),57,35,0,8
48,"March 8, 2023,  11:46 AM",Motion to Invoke Cloture: Daniel I. Werfel to be Commissioner of Internal Revenue,On the Cloture Motion PN27,Cloture Motion Agreed to (51-44),51,44,0,5
49,"March 8, 2023,  06:27 PM",H.J. Res. 26,On the Joint Resolution H.J.Res. 26,Joint Resolution Passed (81-14),81,14,1,4
50,"March 9, 2023,  11:51 AM","Confirmation: Daniel I. Werfel, of the District of Columbia, to be Commissioner of Internal Revenue",On the Nomination PN27,Nomination Confirmed (54-42),54,42,0,4
51,"March 9, 2023,  12:47 PM","Confirmation: James Edward Simmons, Jr., of California, to be United States District Judge for the Southern District of California",On the Nomination PN175,Nomination Confirmed (51-43),51,43,0,6
52,"March 9, 2023,  01:45 PM","Confirmation: Maria Araujo Kahn, of Connecticut, to be United States Circuit Judge for the Second Circuit",On the Nomination PN91,Nomination Confirmed (51-42),51,42,0,7
53,"March 14, 2023,  05:26 PM",Motion to Invoke Cloture: Brent Neiman to be a Deputy Under Secretary of the Treasury,On the Cloture Motion PN122,Cloture Motion Agreed to (52-40),52,40,0,8
54,"March 15, 2023,  11:32 AM","Confirmation: Brent Neiman, of Illinois, to be a Deputy Under Secretary of the Treasury",On the Nomination PN122,Nomination Confirmed (54-40),54,40,0,6
55,"March 15, 2023,  12:25 PM","Motion to Invoke Cloture: Eric M. Garcetti, to be Ambassador of the United States of America to the Republic of India",On the Cloture Motion PN29,Cloture Motion Agreed to (52-42),52,42,0,6
56,"March 15, 2023,  02:15 PM","Confirmation: Eric M. Garcetti, of California, to be Ambassador of the United States of America to the Republic of India",On the Nomination PN29,Nomination Confirmed (52-42),52,42,0,6
57,"March 15, 2023,  02:57 PM",Motion to Invoke Cloture: Ravi Chaudhary to be an Assistant Secretary of the Air Force,On the Cloture Motion PN6,Cloture Motion Agreed to (64-29),64,29,0,7
58,"March 15, 2023,  05:18 PM","Confirmation: Ravi Chaudhary, of Virginia, to be an Assistant Secretary of the Air Force",On the Nomination PN6,Nomination Confirmed (65-29),65,29,0,6
59,"March 15, 2023,  06:12 PM",Motion to Invoke Cloture: Laura Taylor-Kale to be an Assistant Secretary of Defense,On the Cloture Motion PN2,Cloture Motion Agreed to (68-26),68,26,0,6
60,"March 16, 2023,  11:32 AM",Motion to Invoke Cloture: Jessica G. L. Clarke to be U.S. District Judge for the Southern District of New York,On the Cloture Motion PN85,Cloture Motion Agreed to (49-45),49,45,0,6
61,"March 16, 2023,  12:25 PM",Motion to Invoke Cloture: Motion to Proceed to S. 316,On Cloture on the Motion to Proceed S. 316,"Cloture on the Motion to Proceed Agreed to (68-27, 3/5 majority required)",68,27,0,5
62,"March 16, 2023,  01:52 PM","Confirmation: Jessica G.L. Clarke, of New York, to be U.S. District Judge for the Southern District of New York",On the Nomination PN85,Nomination Confirmed (48-43),48,43,0,9
63,"March 21, 2023,  05:36 PM",Motion to Proceed to S. 316,On the Motion to Proceed S. 316,Motion to Proceed Agreed to (67-28),67,28,0,5
64,"March 22, 2023,  11:59 AM","Confirmation: Gordon P. Gallagher, of Colorado, to be U.S. District Judge for the District of Colorado",On the Nomination PN176,Nomination Confirmed (53-43),53,43,0,4
65,"March 22, 2023,  05:51 PM",Paul Amdt No. 2,On the Amendment S.Amdt. 2 to S. 316 (No short title on file),"Amendment Rejected (9-86, 3/5 majority required)",9,86,0,5
66,"March 22, 2023,  06:40 PM",Graham Amdt No. 14,On the Amendment S.Amdt. 14 to S. 316 (No short title on file),Amendment Rejected (36-60),36,60,0,4
67,"March 23, 2023,  11:31 AM",Lee Amdt. No. 22,On the Amendment S.Amdt. 22 to S. 316 (No short title on file),"Amendment Rejected (19-76, 3/5 majority required)",19,76,0,5
68,"March 23, 2023,  12:29 PM",Rubio Amdt. No. 4,On the Amendment S.Amdt. 4 to S. 316 (No short title on file),"Amendment Rejected (32-63, 3/5 majority required)",32,63,0,5
69,"March 23, 2023,  01:49 PM",Risch Amdt. No. 43,On the Amendment S.Amdt. 43 to S. 316 (No short title on file),Amendment Rejected (41-52),41,52,0,7
70,"March 27, 2023,  05:34 PM",Motion to Invoke Cloture: Re: S. 316,On the Cloture Motion S. 316,"Cloture Motion Agreed to (65-28, 3/5 majority required)",65,28,0,7
71,"March 28, 2023,  11:32 AM",Johnson Amdt. No. 11,On the Amendment S. 316,"Amendment Rejected (47-49, 3/5 majority required)",47,49,0,4
72,"March 28, 2023,  12:37 PM",Ricketts Amdt. No. 30,On the Amendment S. 316,"Amendment Rejected (31-65, 3/5 majority required)",31,65,0,4
73,"March 28, 2023,  02:31 PM",Cruz Amdt. No. 9,On the Amendment S. 316,"Amendment Rejected (41-55, 3/5 majority required)",41,55,0,4
74,"March 28, 2023,  03:38 PM",Sullivan Amdt. No. 33,On the Amendment S. 316,"Amendment Rejected (38-57, 3/5 majority required)",38,57,0,5
75,"March 28, 2023,  05:11 PM",Scott (FL) Amdt. No. 13,On the Amendment S. 316,"Amendment Rejected (33-62, 3/5 majority required)",33,62,0,5
76,"March 28, 2023,  06:14 PM",Hawley Amdt. No. 40,On the Amendment S. 316,"Amendment Rejected (26-68, 3/5 majority required)",26,68,0,6
77,"March 29, 2023,  11:50 AM",S. 316,On Passage of the Bill S. 316,Bill Passed (66-30),66,30,0,4
78,"March 29, 2023,  12:40 PM",Motion to Invoke Cloture: Motion to Proceed to S. 870,On Cloture on the Motion to Proceed S. 870,"Cloture on the Motion to Proceed Agreed to (96-0, 3/5 majority required)",96,0,0,4
79,"March 29, 2023,  02:26 PM",H.J. Res. 27,On the Joint Resolution H.J.Res. 27,Joint Resolution Passed (53-43),53,43,0,4
80,"March 29, 2023,  06:37 PM",H.J. Res. 7,On the Joint Resolution H.J.Res. 7,Joint Resolution Passed (68-23),68,23,0,9
81,"March 30, 2023,  11:46 AM","Confirmation: Richard R. Verma, of Maryland, to be Deputy Secretary of State for Management and Resources",On the Nomination PN44,Nomination Confirmed (67-26),67,26,0,7
82,"March 30, 2023,  01:45 PM","Confirmation: Laura Taylor-Kale, of California, to be an Assistant Secretary of Defense",On the Nomination PN2,Nomination Confirmed (63-27),63,27,0,10
83,"April 17, 2023,  05:30 PM",Motion to Invoke Cloture: Radha Iyengar Plumb to be a Deputy Under Secretary of Defense.,On the Cloture Motion PN5,Cloture Motion Agreed to (61-26),61,26,0,13
84,"April 18, 2023,  11:27 AM","Confirmation: Radha Iyengar Plumb, of New York, to be a Deputy Under Secretary of Defense",On the Nomination PN5,Nomination Confirmed (68-30),68,30,0,2
85,"April 18, 2023,  12:28 PM",Motion to Invoke Cloture: Amy Lefkowitz Solomon to be an Assistant Attorney General,On the Cloture Motion PN69,Cloture Motion Agreed to (58-40),58,40,0,2
86,"April 18, 2023,  02:15 PM","Confirmation: Amy Lefkowitz Solomon, of the District of Columbia, to be an Assistant Attorney General",On the Nomination PN69,Nomination Confirmed (59-40),59,40,0,1
87,"April 18, 2023,  04:41 PM",Lee Amdt. No. 80,On the Amendment S.Amdt. 80 to S. 870 (No short title on file),"Amendment Rejected (49-50, 3/5 majority required)",49,50,0,1
88,"April 19, 2023,  11:43 AM",Paul Amdt. No. 79,On the Amendment S.Amdt. 79 to S. 870 (No short title on file),Amendment Rejected (45-54),45,54,0,1
89,"April 19, 2023,  12:45 PM","Hagerty Amdt. No. 72, as modified",On the Amendment S.Amdt. 72 to S. 870 (No short title on file),"Amendment Rejected (45-54, 3/5 majority required)",45,54,0,1
90,"April 19, 2023,  04:22 PM",Motion to Proceed to S.J.Res. 10,On the Motion (Motion to Proceed to S.J.Res. 10),Motion Rejected (48-51),48,51,0,1
91,"April 19, 2023,  05:13 PM",Scott (FL) Amdt. No. 81,On the Amendment S.Amdt. 81 to S. 870 (No short title on file),"Amendment Rejected (47-49, 3/5 majority required)",47,49,0,4
92,"April 20, 2023,  11:17 PM",Van Hollen Amdt. No. 85,On the Amendment S.Amdt. 85 to S. 870 (No short title on file),"Amendment Rejected (46-51, 3/5 majority required)",46,51,0,3
93,"April 20, 2023,  12:27 PM",Sullivan Amdt. No. 83,On the Amendment S.Amdt. 83 to S. 870 (No short title on file),Amendment Rejected (42-56),42,56,0,2
94,"April 20, 2023,  01:50 PM",S. 870,On Passage of the Bill S. 870,"Bill Passed (95-2, 3/5 majority required)",95,2,0,3
95,"April 25, 2023,  05:40 PM",Motion to Invoke Cloture: Joshua David Jacobs to be Under Secretary for Benefits of the Department of Veterans Affairs.,On the Cloture Motion PN195,Cloture Motion Agreed to (72-22),72,22,0,6
96,"April 26, 2023,  12:05 PM","Confirmation: Joshua David Jacobs, of Washington, to be Under Secretary for Benefits of the Department of Veterans Affairs",On the Nomination PN195,Nomination Confirmed (74-25),74,25,0,1
97,"April 26, 2023,  03:05 PM",Motion to Invoke Cloture: Motion to Proceed to S. 326,On Cloture on the Motion to Proceed S. 326,"Cloture on the Motion to Proceed Rejected (57-42, 3/5 majority required)",57,42,0,1
98,"April 26, 2023,  04:22 PM",S. J. Res. 11,On the Joint Resolution S.J.Res. 11,Joint Resolution Passed (50-49),50,49,0,1
99,"April 27, 2023,  12:30 PM",Motion to Invoke Cloture: Motion to Proceed to S. J. Res. 4,On Cloture on the Motion to Proceed S.J.Res. 4,"Cloture on the Motion to Proceed Rejected (51-47, 3/5 majority required)",51,47,0,2
100,"April 27, 2023,  01:27 PM",Motion to Invoke Cloture: Anthony Devos Johnstone to be U.S. Circuit Judge for the Ninth Circuit,On the Cloture Motion PN89,Cloture Motion Agreed to (50-45),50,45,0,5
101,"May 1, 2023,  05:26 PM","Confirmation: Anthony Devos Johnstone, of Montana, to be United States Circuit Judge for the Ninth Circuit",On the Nomination PN89,Nomination Confirmed (49-45),49,45,0,6
102,"May 2, 2023,  11:34 AM",Motion to Invoke Cloture: Michael Farbiarz to be U.S. District Judge for the District of New Jersey,On the Cloture Motion PN97,Cloture Motion Agreed to (65-34),65,34,0,1
103,"May 2, 2023,  12:25 PM",Motion to Invoke Cloture: Robert Kirsch to be U.S. District Judge for the District of New Jersey,On the Cloture Motion PN96,Cloture Motion Agreed to (57-42),57,42,0,1
104,"May 2, 2023,  02:38 PM","Confirmation: Michael Farbiarz, of New Jersey, to be U.S. District Judge for the District of New Jersey",On the Nomination PN97,Nomination Confirmed (65-34),65,34,0,1
105,"May 2, 2023,  05:02 PM","Confirmation: Robert Kirsch, of New Jersey, to be United States District Judge for the District of New Jersey",On the Nomination PN96,Nomination Confirmed (57-42),57,42,0,1
106,"May 2, 2023,  05:59 PM",Motion to Invoke Cloture: Orelia Eleta Merchant to be U.S. District Judge for the Eastern District of New York,On the Cloture Motion PN180,Cloture Motion Agreed to (51-48),51,48,0,1
107,"May 3, 2023,  11:29 AM","Confirmation: Orelia Eleta Merchant, of New York, to be United States District Judge for the Eastern District of New York",On the Nomination PN180,Nomination Confirmed (51-48),51,48,0,1
108,"May 3, 2023,  12:19 PM",Motion to Invoke Cloture: Wesley L. Hsu to be U.S. District Judge for the Central District of California,On the Cloture Motion PN163,Cloture Motion Agreed to (54-45),54,45,0,1
109,"May 3, 2023,  05:32 PM",H.J.Res. 39,On the Joint Resolution H.J.Res. 39,Joint Resolution Passed (56-41),56,41,0,3
110,"May 3, 2023,  06:31 PM",S.J.Res. 9,On the Joint Resolution S.J.Res. 9,Joint Resolution Passed (50-48),50,48,0,2
111,"May 3, 2023,  07:18 PM","Confirmation: Wesley L. Hsu, of California, to be United States District Judge for the Central District of California",On the Nomination PN163,Nomination Confirmed (53-43),53,43,0,4
112,"May 3, 2023,  07:58 PM",Motion to Invoke Cloture: LaShonda A. Hunt to be U.S. District Judge for the Northern District of Illinois,On the Cloture Motion PN289,Cloture Motion Agreed to (54-42),54,42,0,4
113,"May 4, 2023,  11:37 AM","Confirmation: LaShonda A. Hunt, of Illinois, to be U.S. District Judge for the Northern District of Illinois",On the Nomination PN289,Nomination Confirmed (56-41),56,41,0,3
114,"May 4, 2023,  12:29 PM",Motion to Invoke Cloture: Colleen Joy Shogan to be Archivist of the United States,On the Cloture Motion PN68,Cloture Motion Agreed to (53-44),53,44,0,3
115,"May 4, 2023,  01:38 PM",Motion to Invoke Cloture: Geeta Rao Gupta to be Ambassador at Large for Global Women's Issues,On the Cloture Motion PN39,Cloture Motion Agreed to (50-44),50,44,0,6
116,"May 9, 2023,  05:52 PM",Motion to Invoke Cloture: L. Felice Gorordo to be U.S. Alternate Executive Director of the International Bank for Reconstruction and Development,On the Cloture Motion PN148,Cloture Motion Agreed to (53-42),53,42,0,5
117,"May 10, 2023,  11:32 AM","Confirmation: L. Felice Gorordo, of Florida, to be U.S. Alternate Executive Director of the International Bank for Reconstruction and Development",On the Nomination PN148,Nomination Confirmed (52-45),52,45,0,3
118,"May 10, 2023,  12:28 PM","Motion to Invoke Cloture: Glenna Laureen Wright-Gallo to be Assistant Secretary for Special Education and Rehabilitative Services, Department of Education",On the Cloture Motion PN156,Cloture Motion Agreed to (52-45),52,45,0,3
119,"May 10, 2023,  02:30 PM","Confirmation: Glenna Laureen Wright-Gallo, of Nevada, to be Assistant Secretary for Special Education and Rehabilitation Services, Department of Education",On the Nomination PN156,Nomination Confirmed (52-44),52,44,0,4
120,"May 10, 2023,  03:20 PM","Confirmation: Colleen Joy Shogan, of Pennsylvania, to be Archivist of the United States",On the Nomination PN68,Nomination Confirmed (52-45),52,45,0,3
121,"May 10, 2023,  05:29 PM","Confirmation: Geeta Rao Gupta, of Virginia, to be Ambassador at Large for Global Women's Issues",On the Nomination PN39,Nomination Confirmed (51-47),51,47,0,2
122,"May 11, 2023,  11:00 AM",S.J.Res. 23,On the Joint Resolution S.J.Res. 23,Joint Resolution Passed (51-49),51,49,0,0
123,"May 11, 2023,  12:19 PM",S. J. Res. 24,On the Joint Resolution S.J.Res. 24,Joint Resolution Passed (51-49),51,49,0,0
124,"May 11, 2023,  01:46 PM",Motion to Invoke Cloture: Bradley N. Garcia to be U.S. Circuit Judge for the District of Columbia Circuit,On the Cloture Motion PN93,Cloture Motion Agreed to (54-41),54,41,0,5
125,"May 15, 2023,  05:32 PM","Confirmation: Bradley N. Garcia, of Maryland, to be U.S. Circuit Judge for the District of Columbia Circuit",On the Nomination PN93,Nomination Confirmed (53-40),53,40,0,7
126,"May 16, 2023,  02:28 PM",H. J. Res. 42,On the Joint Resolution H.J.Res. 42,Joint Resolution Passed (56-43),56,43,0,1
127,"May 17, 2023,  11:31 AM",Motion to Invoke Cloture: Jeremy C. Daniel to be U.S. District Judge for the Northern District of Illinois,On the Cloture Motion PN450,Cloture Motion Agreed to (57-39),57,39,0,4
128,"May 17, 2023,  02:22 PM","Confirmation: Jeremy C. Daniel, of Illinois, to be U.S. District Judge for the Northern District of Illinois",On the Nomination PN450,Nomination Confirmed (56-40),56,40,0,4
129,"May 17, 2023,  03:19 PM",Motion to Invoke Cloture: Darrel James Papillion to be U.S. District Judge for the Eastern District of Louisiana,On the Cloture Motion PN455,Cloture Motion Agreed to (63-33),63,33,0,4
130,"May 17, 2023,  04:55 PM",S. J. Res 18,On the Joint Resolution S.J.Res. 18,Joint Resolution Passed (50-47),50,47,0,3
131,"May 17, 2023,  05:57 PM",Motion to Invoke Cloture: Nancy G. Abudu to be U.S. Circuit Judge for the Eleventh Circuit,On the Cloture Motion PN95,Cloture Motion Agreed to (50-48),50,48,0,2
132,"May 18, 2023,  01:51 PM","Confirmation: Nancy G. Abudu, of Georgia, to be U.S. Circuit Judge for the Eleventh Circuit",On the Nomination PN95,Nomination Confirmed (49-47),49,47,0,4
133,"May 30, 2023,  05:31 PM","Confirmation: Darrel James Papillion, of Louisiana, to be U.S. District Judge for the Eastern District of Louisiana",On the Nomination PN455,Nomination Confirmed (59-31),59,31,0,10
134,"May 31, 2023,  02:34 PM",Motion to Proceed to H.J. Res. 45,On the Motion (Motion to Proceed to H.J. Res. 45),Motion Agreed to (51-46),51,46,0,3
135,"June 1, 2023,  12:45 PM",H.J.Res. 45,On the Joint Resolution H.J.Res. 45,Joint Resolution Passed (52-46),52,46,0,2
136,"June 1, 2023,  07:30 PM",Paul Amdt. No. 107,On the Amendment S.Amdt. 107 to H.R. 3746 (No short title on file),"Amendment Rejected (21-75, 3/5 majority required)",21,75,0,4
137,"June 1, 2023,  08:22 PM",Braun Amdt. No. 91,On the Amendment S.Amdt. 91 to H.R. 3746 (No short title on file),"Amendment Rejected (35-62, 3/5 majority required)",35,62,0,3
138,"June 1, 2023,  08:38 PM",Marshall Amdt. No. 110,On the Amendment S.Amdt. 110 to H.R. 3746 (No short title on file),"Amendment Rejected (46-51, 3/5 majority required)",46,51,0,3
139,"June 1, 2023,  08:53 PM",Sullivan Amdt. No. 125,On the Amendment S.Amdt. 125 to H.R. 3746 (No short title on file),"Amendment Rejected (49-48, 3/5 majority required)",49,48,0,3
140,"June 1, 2023,  09:05 PM",Hawley Amdt. No. 93,On the Amendment S.Amdt. 93 to H.R. 3746 (No short title on file),"Amendment Rejected (17-81, 3/5 majority required)",17,81,0,2
141,"June 1, 2023,  09:22 PM",Kennedy Amdt. No. 104,On the Amendment S.Amdt. 104 to H.R. 3746 (No short title on file),"Amendment Rejected (46-51, 3/5 majority required)",46,51,0,3
142,"June 1, 2023,  09:36 PM",Cotton Amdt. No. 106,On the Amendment S.Amdt. 106 to H.R. 3746 (No short title on file),"Amendment Rejected (48-51, 3/5 majority required)",48,51,0,1
143,"June 1, 2023,  09:49 PM",Budd Amdt No. 134,On the Amendment S.Amdt. 134 to H.R. 3746 (No short title on file),"Amendment Rejected (47-52, 3/5 majority required)",47,52,0,1
144,"June 1, 2023,  10:01 PM",Lee Amdt. No. 98,On the Amendment S.Amdt. 98 to H.R. 3746 (No short title on file),Amendment Rejected (48-51),48,51,0,1
145,"June 1, 2023,  10:18 PM",Kaine Amdt. No. 101,On the Amendment S.Amdt. 101 to H.R. 3746 (No short title on file),Amendment Rejected (30-69),30,69,0,1
146,"June 1, 2023,  10:37 PM",H.R. 3746,On Passage of the Bill H.R. 3746,"Bill Passed (63-36, 3/5 majority required)",63,36,0,1
147,"June 6, 2023,  05:28 PM",Motion to Invoke Cloture: David Crane to be Under Secretary of Energy,On the Cloture Motion PN18,Cloture Motion Agreed to (54-40),54,40,0,6
148,"June 7, 2023,  11:35 AM","Confirmation: David Crane, of New Jersey, to be Under Secretary of Energy",On the Nomination PN18,Nomination Confirmed (56-43),56,43,0,1
149,"June 7, 2023,  02:26 PM",Motion to Invoke Cloture: Dilawar Syed to be Deputy Administrator of the Small Business Administration,On the Cloture Motion PN99,Cloture Motion Agreed to (54-44),54,44,0,2
150,"June 8, 2023,  11:33 AM","Confirmation: Dilawar Syed, of California, to be Deputy Administrator of the Small Business Administration",On the Nomination PN99,Nomination Confirmed (54-42),54,42,0,4
151,"June 8, 2023,  12:37 PM",Motion to Invoke Cloture: Molly R. Silfen to be a Judge of the United States Court of Federal Claims,On the Cloture Motion PN377,Cloture Motion Agreed to (55-41),55,41,0,4
152,"June 8, 2023,  01:40 PM","Confirmation: Molly R. Silfen, of the District of Columbia, to be a Judge of the United States Court of Federal Claims",On the Nomination PN377,Nomination Confirmed (55-39),55,39,0,6
153,"June 12, 2023,  05:33 PM",Motion to Invoke Cloture: Elizabeth Allen to be Under Secretary of State for Public Diplomacy,On the Cloture Motion PN138,Cloture Motion Agreed to (66-29),66,29,0,5
154,"June 13, 2023,  11:28 AM","Confirmation: Elizabeth Allen, of New York, to be Under Secretary of State for Public Diplomacy",On the Nomination PN138,Nomination Confirmed (66-33),66,33,0,1
155,"June 13, 2023,  12:22 PM",Motion to Invoke Cloture: Hernan D. Vera to be U.S. District Judge for the Central District of California,On the Cloture Motion PN87,Cloture Motion Agreed to (51-48),51,48,0,1
156,"June 13, 2023,  02:15 PM",Motion to Invoke Cloture: Jared Bernstein to be Chairman of the Council of Economic Advisers,On the Cloture Motion PN383,Cloture Motion Agreed to (50-49),50,49,0,1
157,"June 13, 2023,  04:56 PM","Confirmation: Hernan D. Vera, of California, to be U.S. District Judge for the Central District of California",On the Nomination PN87,Nomination Confirmed (51-48),51,48,0,1
158,"June 13, 2023,  06:01 PM","Confirmation: Jared Bernstein, of Virginia, to be Chairman of the Council of Economic Advisors",On the Nomination PN383,Nomination Confirmed (50-49),50,49,0,1
159,"June 14, 2023,  11:39 AM",Motion to Invoke Cloture: P. Casey Pitts to be U.S. District Judge for the Northern District of California,On the Cloture Motion PN177,Cloture Motion Agreed to (53-46),53,46,0,1
160,"June 14, 2023,  12:27 PM",Motion to Invoke Cloture: Dale E. Ho to be U.S. District Judge for the Southern District of New York,On the Cloture Motion PN86,Cloture Motion Agreed to (50-49),50,49,0,1
161,"June 14, 2023,  02:27 PM","Confirmation: P. Casey Pitts, of California, to be U.S. District Judge for the Northern District of California",On the Nomination PN177,Nomination Confirmed (53-46),53,46,0,1
162,"June 14, 2023,  03:23 PM","Confirmation: Dale E. Ho, of New York, to be U.S. District Judge for the Southern District of New York",On the Nomination PN86,Nomination Confirmed (50-49),50,49,0,1
163,"June 14, 2023,  05:14 PM",Motion to Invoke Cloture: Nusrat Jahan Choudhury to be U.S. District Judge for the Eastern District of New York,On the Cloture Motion PN83,Cloture Motion Agreed to (50-47),50,47,0,3
164,"June 15, 2023,  11:13 AM","Confirmation: Nusrat Jahan Choudhury, of New York, to be U.S. District Judge for the Eastern District of New York",On the Nomination PN83,Nomination Confirmed (50-49),50,49,0,1
165,"June 15, 2023,  01:46 PM",Motion to Invoke Cloture: Julie Rikelman to be U.S. Circuit Judge for the First Circuit,On the Cloture Motion PN90,Cloture Motion Agreed to (53-45),53,45,0,2
166,"June 20, 2023,  05:32 PM","Confirmation: Julie Rikelman, of Massachusetts, to be U.S. Circuit Judge for the First Circuit",On the Nomination PN90,Nomination Confirmed (51-43),51,43,0,6
167,"June 21, 2023,  11:31 AM","Shall the Joint Resolution Pass, the Objections of the President of the United States to the Contrary Notwithstanding?",On Overriding the Veto S.J.Res. 11,"Veto Sustained (50-50, 2/3 majority required)",50,50,0,0
168,"June 21, 2023,  12:32 PM",Motion to Invoke Cloture: Natasha C. Merle to be U.S. District Judge for the Eastern District of New York,On the Cloture Motion PN82,"Cloture Motion Agreed to (50-50, Vice President of the United States, voted Yea)",50,50,0,0
169,"June 21, 2023,  02:16 PM","Confirmation: Natasha C. Merle, of New York, to be U.S. District Judge for the Eastern District of New York",On the Nomination PN82,Nomination Confirmed (50-49),50,49,0,1
170,"June 21, 2023,  03:34 PM","Motion to Invoke Cloture: Treaty Doc. 112-8, Tax Convention with Chile",On the Cloture Motion Treaty Doc. 112-8,"Cloture Motion Agreed to (97-2, 3/5 majority required)",97,2,0,1
171,"June 22, 2023,  12:02 PM",H.J. Res. 44,On the Joint Resolution H.J.Res. 44,Joint Resolution Defeated (49-50),49,50,0,1
172,"June 22, 2023,  01:44 PM",Resolution of Ratification for Treaty Document No. 112-8,On the Resolution of Ratification Treaty Doc. 112-8,"Resolution of Ratification Agreed to (95-2, 2/3 majority required)",95,2,0,3
173,"July 10, 2023,  05:36 PM",Motion to Invoke Cloture: Xochitl Torres Small to be Deputy Secretary of Agriculture,On the Cloture Motion PN382,Cloture Motion Agreed to (79-8),79,8,0,13
174,"July 11, 2023,  11:36 AM","Confirmation: Xochitl Torres Small, of New Mexico, to be Deputy Secretary of Agriculture",On the Nomination PN382,Nomination Confirmed (84-8),84,8,0,8
175,"July 11, 2023,  12:31 PM","Motion to Invoke Cloture: Rosemarie Hidalgo to be Director of the Violence Against Women Office, Department of Justice",On the Cloture Motion PN70,Cloture Motion Agreed to (50-42),50,42,0,8
176,"July 11, 2023,  02:15 PM",Motion to Invoke Cloture: Kymberly Kathryn Evanson to be U.S. District Judge for the Western District of Washington,On the Cloture Motion PN168,Cloture Motion Agreed to (51-42),51,42,0,7
177,"July 11, 2023,  04:31 PM","Confirmation: Rosemarie Hidalgo, of the District of Columbia, to be Director of the Violence Against Women Office, Department of Justice",On the Nomination PN70,Nomination Confirmed (51-42),51,42,0,7
178,"July 11, 2023,  05:20 PM","Confirmation: Kymberly Kathryn Evanson, of Washington, to be U.S. District Judge for the Western District of Washington",On the Nomination PN168,Nomination Confirmed (50-42),50,42,0,8
179,"July 11, 2023,  05:52 PM",Motion to Invoke Cloture: Tiffany M. Cartwright to be U.S. District Judge for the Western District of Washington,On the Cloture Motion PN81,Cloture Motion Agreed to (49-42),49,42,0,9
180,"July 12, 2023,  11:35 AM","Confirmation: Tiffany M. Cartwright, of Washington, to be U.S. District Judge for the Western District of Washington",On the Nomination PN81,Nomination Confirmed (50-47),50,47,0,3
181,"July 12, 2023,  12:32 PM",Motion to Invoke Cloture: Myong J. Joun to be U.S. District Judge for the District of Massachusetts,On the Cloture Motion PN169,Cloture Motion Agreed to (51-46),51,46,0,3
182,"July 12, 2023,  04:09 PM","Confirmation: Myong J. Joun, of Massachusetts, to be U.S. District Judge for the District of Massachusetts",On the Nomination PN169,Nomination Confirmed (52-46),52,46,0,2
183,"July 12, 2023,  05:09 PM",Motion to Invoke Cloture: Kalpana Kotagal to be a Member of the Equal Employment Opportunity Commission,On the Cloture Motion PN64,"Cloture Motion Agreed to (50-50, Vice President of the United States, voted Yea)",50,50,0,0
184,"July 13, 2023,  11:31 AM","Confirmation: Kalpana Kotagal, of Ohio, to be a Member of the Equal Employment Opportunity Commission",On the Nomination PN64,Nomination Confirmed (49-47),49,47,0,4
185,"July 13, 2023,  12:31 PM",Motion to Invoke Cloture: David M. Uhlmann to be an Assistant Administrator of the Environmental Protection Agency,On the Cloture Motion PN118,Cloture Motion Agreed to (51-44),51,44,0,5
186,"July 13, 2023,  01:35 PM",Motion to Invoke Cloture: Rachel Bloomekatz to be U.S. Circuit Judge for the Sixth Circuit,On the Cloture Motion PN94,Cloture Motion Agreed to (50-45),50,45,0,5
187,"July 18, 2023,  05:30 PM","Confirmation: Rachel Bloomekatz, of Ohio, to be U.S. Circuit Judge for the Sixth Circuit",On the Nomination PN94,Nomination Confirmed (50-48),50,48,0,2
188,"July 18, 2023,  06:27 PM",Motion to Invoke Cloture: Motion to Proceed to S. 2226,On the Cloture Motion S. 2226,"Cloture Motion Agreed to (72-25, 3/5 majority required)",72,25,0,3
189,"July 19, 2023,  02:58 PM",Murray Amdt. No. 300,On the Amendment S.Amdt. 300 to S.Amdt. 935 to S. 2226 (No short title on file),"Amendment Agreed to (96-2, 3/5 majority required)",96,2,0,2
190,"July 19, 2023,  04:04 PM",Kaine Amdt. No. 429,On the Amendment S.Amdt. 429 to S.Amdt. 935 to S. 2226 (No short title on file),"Amendment Agreed to (65-28, 3/5 majority required)",65,28,0,7
191,"July 19, 2023,  04:33 PM",Paul Amdt. No. 222,On the Amendment S.Amdt. 222 to S.Amdt. 935 to S. 2226 (No short title on file),"Amendment Rejected (16-83, 3/5 majority required)",16,83,0,1
192,"July 19, 2023,  05:04 PM",Hawley Amdt. No. 838,On the Amendment S.Amdt. 838 to S.Amdt. 935 to S. 2226 (No short title on file),"Amendment Rejected (39-60, 3/5 majority required)",39,60,0,1
193,"July 20, 2023,  12:00 PM","Confirmation: David M. Uhlmann, of Michigan, to be an Assistant Administrator of the Environmental Protection Agency",On the Nomination PN118,Nomination Confirmed (53-46),53,46,0,1
194,"July 20, 2023,  01:08 PM",Cruz Amdt. No. 926,On the Amendment S.Amdt. 926 to S.Amdt. 935 to S. 2226 (No short title on file),"Amendment Agreed to (85-14, 3/5 majority required)",85,14,0,1
195,"July 20, 2023,  03:26 PM",Lee Amdt. No. 376,On the Amendment S.Amdt. 376 to S.Amdt. 935 to S. 2226 (No short title on file),Amendment Rejected (13-71),13,71,0,16
196,"July 25, 2023,  05:34 PM",Cornyn Amdt. No. 931,On the Amendment S.Amdt. 931 to S.Amdt. 935 to S. 2226 (No short title on file),"Amendment Agreed to (91-6, 3/5 majority required)",91,6,0,3
197,"July 25, 2023,  06:26 PM",Rounds Amdt. No. 813,On the Amendment S.Amdt. 813 to S.Amdt. 935 to S. 2226 (No short title on file),"Amendment Agreed to (91-7, 3/5 majority required)",91,7,0,2
198,"July 26, 2023,  12:16 PM",Warnock Amdt. No. 199,On the Amendment S.Amdt. 199 to S.Amdt. 935 to S. 2226 (No short title on file),"Amendment Agreed to (95-2, 3/5 majority required)",95,2,0,3
199,"July 26, 2023,  08:08 PM",Cruz Amdt. No. 421,On the Amendment S.Amdt. 421 to S.Amdt. 935 to S. 2226 (No short title on file),"Amendment Rejected (46-53, 3/5 majority required)",46,53,0,1
200,"July 26, 2023,  09:10 PM",Wicker Amdt. No. 1055,On the Amendment S.Amdt. 1055 to S.Amdt. 935 to S. 2226 (No short title on file),"Amendment Rejected (51-48, 3/5 majority required)",51,48,0,1
201,"July 26, 2023,  09:36 PM",Paul Amdt. No. 438,On the Amendment S.Amdt. 438 to S.Amdt. 935 to S. 2226 (No short title on file),"Amendment Rejected (20-78, 3/5 majority required)",20,78,0,2
202,"July 27, 2023,  11:37 AM",Barrasso Amdt. No. 999,On the Amendment S.Amdt. 999 to S.Amdt. 935 to S. 2226 (No short title on file),"Amendment Agreed to (96-3, 3/5 majority required)",96,3,0,1
203,"July 27, 2023,  01:03 PM",Sanders Amdt. No. 1030,On the Amendment S.Amdt. 1030 to S.Amdt. 935 to S. 2226 (No short title on file),"Amendment Rejected (11-88, 3/5 majority required)",11,88,0,1
204,"July 27, 2023,  02:22 PM",Marshall Amdt. No. 874,On the Amendment S.Amdt. 874 to S.Amdt. 935 to S. 2226 (No short title on file),"Amendment Rejected (50-49, 3/5 majority required)",50,49,0,1
205,"July 27, 2023,  03:16 PM",Kennedy Amdt. No. 1034,On the Amendment S.Amdt. 1034 to S.Amdt. 935 to S. 2226 (No short title on file),"Amendment Rejected (51-47, 3/5 majority required)",51,47,0,2
206,"July 27, 2023,  04:05 PM",Gillibrand Amdt. No. 1065,On the Amendment S.Amdt. 1065 to S.Amdt. 935 to S. 2226 (No short title on file),"Amendment Agreed to (94-4, 3/5 majority required)",94,4,0,2
207,"July 27, 2023,  04:43 PM",Hawley Amdt. No. 1058,On the Amendment S.Amdt. 1058 to S.Amdt. 935 to S. 2226 (No short title on file),"Amendment Agreed to (61-37, 3/5 majority required)",61,37,0,2
208,"July 27, 2023,  05:10 PM",Menendez Amdt. No. 638,On the Amendment S.Amdt. 638 to S.Amdt. 935 to S. 2226 (No short title on file),"Amendment Agreed to (96-2, 3/5 majority required)",96,2,0,2
209,"July 27, 2023,  05:36 PM",Schatz Amdt. No. 1078,On the Amendment S.Amdt. 1078 to S.Amdt. 935 to S. 2226 (No short title on file),"Amendment Agreed to (86-11, 3/5 majority required)",86,11,0,3
210,"July 27, 2023,  06:39 PM",Rubio Amdt. No. 523,On the Amendment S.Amdt. 523 to S.Amdt. 935 to S. 2226 (No short title on file),"Amendment Rejected (55-42, 3/5 majority required)",55,42,0,3
211,"July 27, 2023,  07:31 PM",Reed Amdt. No. 1087,On the Amendment S.Amdt. 1087 to S.Amdt. 935 to S. 2226 (No short title on file),Amendment Agreed to (94-3),94,3,0,3
212,"July 27, 2023,  07:57 PM","S. 2226, As Amended",On Passage of the Bill S. 2226,"Bill Passed (86-11, 3/5 majority required)",86,11,0,3
213,"September 5, 2023,  05:31 PM",Motion to Invoke Cloture: Philip Nathan Jefferson to be Vice Chairman of the Board of Governors of the Federal Reserve System,On the Cloture Motion PN645,Cloture Motion Agreed to (83-10),83,10,0,7
214,"September 6, 2023,  11:35 AM","Confirmation: Philip Nathan Jefferson, of North Carolina, to be Vice Chairman of the Board of Governors of the Federal Reserve System",On the Nomination PN645,Nomination Confirmed (88-10),88,10,0,2
215,"September 6, 2023,  12:39 PM",Motion to Invoke Cloture: Gwynne A. Wilcox to be a Member of the National Labor Relations Board,On the Cloture Motion PN743,Cloture Motion Agreed to (50-49),50,49,0,1
216,"September 6, 2023,  02:15 PM","Confirmation: Gwynne A. Wilcox, of New York, to be a Member of the National Labor Relations Board",On the Nomination PN743,Nomination Confirmed (51-48),51,48,0,1
217,"September 6, 2023,  03:05 PM",Motion to Invoke Cloture: Lisa DeNell Cook to be a Member of the Board of Governors of the Federal Reserve System,On the Cloture Motion PN644,Cloture Motion Agreed to (52-47),52,47,0,1
218,"September 6, 2023,  05:12 PM","Confirmation: Lisa DeNell Cook, of Michigan, to be a Member of the Board of Governors of the Federal Reserve System",On the Nomination PN644,Nomination Confirmed (51-47),51,47,0,2
219,"September 6, 2023,  06:10 PM",Motion to Invoke Cloture: Adriana Debora Kugler to be a Member of the Board of Governors of the Federal Reserve System,On the Cloture Motion PN646,Cloture Motion Agreed to (52-45),52,45,0,3
220,"September 7, 2023,  11:52 AM","Confirmation: Adriana Debora Kugler, of Maryland, to be a Member of the Board of Governors of the Federal Reserve System",On the Nomination PN646,Nomination Confirmed (53-45),53,45,0,2
221,"September 7, 2023,  12:40 PM",Motion to Invoke Cloture: Anna M. Gomez to be a Member of the Federal Communications Commission,On the Cloture Motion PN673,Cloture Motion Agreed to (55-43),55,43,0,2
222,"September 7, 2023,  01:50 PM","Confirmation: Anna M. Gomez, of Virginia, to be a Member of the Federal Communications Commission",On the Nomination PN673,Nomination Confirmed (55-43),55,43,0,2
223,"September 11, 2023,  05:28 PM",Motion to Invoke Cloture: Tanya J. Bradsher to be Deputy Secretary of Veterans Affairs,On the Cloture Motion PN551,Cloture Motion Agreed to (49-44),49,44,0,7
224,"September 12, 2023,  11:30 AM","Confirmation: Tanya J. Bradsher, of Virginia, to be Deputy Secretary of Veterans Affairs",On the Nomination PN551,Nomination Confirmed (50-46),50,46,0,4
225,"September 12, 2023,  12:30 PM",Motion to Invoke Cloture: Jeffrey Irvine Cummings to be U.S. District Judge for the Northern District of Illinois,On the Cloture Motion PN287,Cloture Motion Agreed to (51-44),51,44,0,5
226,"September 12, 2023,  02:15 PM","Confirmation: Jeffrey Irvine Cummings, of Illinois, to be U.S. District Judge for the Northern District of Illinois",On the Nomination PN287,Nomination Confirmed (50-45),50,45,0,5
227,"September 12, 2023,  03:07 PM",Motion to Invoke Cloture: Motion to Proceed to H.R. 4366,On the Cloture Motion H.R. 4366,"Cloture Motion Agreed to (85-12, 3/5 majority required)",85,12,0,3
228,"September 14, 2023,  10:34 AM",Motion to Proceed to H.R. 4366,On the Motion to Proceed H.R. 4366,Motion to Proceed Agreed to (91-7),91,7,0,2
229,"September 18, 2023,  05:31 PM",Motion to Invoke Cloture: Vernon D. Oliver to be U.S. District Judge for the District of Connecticut,On the Cloture Motion PN591,Cloture Motion Agreed to (54-40),54,40,0,6
230,"September 19, 2023,  11:31 AM","Confirmation: Vernon D. Oliver, of Connecticut, to be U.S. District Judge for the District of Connecticut",On the Nomination PN591,Nomination Confirmed (53-44),53,44,0,3
231,"September 19, 2023,  12:27 PM",Motion to Invoke Cloture: Rita F. Lin to be U.S. District Judge for the Northern District of California,On the Cloture Motion PN173,Cloture Motion Agreed to (52-45),52,45,0,3
232,"September 19, 2023,  02:15 PM","Confirmation: Rita F. Lin, of California, to be U.S. District Judge for the Northern District of California",On the Nomination PN173,Nomination Confirmed (52-45),52,45,0,3
233,"September 20, 2023,  12:15 PM",Motion to Invoke Cloture: Motion to Suspend the rules under Rule V Re: Amdt No 1092,On the Cloture Motion S.Amdt. 1092 to H.R. 4366 (No short title on file),"Cloture Motion Rejected (49-48, 3/5 majority required)",49,48,0,3
234,"September 20, 2023,  03:31 PM",Motion to Invoke Cloture: Gen. Charles Q. Brown Jr. for reappointment as Chairman of the Joint Chiefs of Staff and appointment in the U.S. Air Force: to be General,On the Cloture Motion PN677,Cloture Motion Agreed to (89-8),89,8,0,3
235,"September 20, 2023,  06:30 PM","Confirmation: General Charles Q. Brown, Jr., for reappointment as Chairman of the Joint Chiefs of Staff and appointment in the U.S. Air Force: to be General",On the Nomination PN677,Nomination Confirmed (83-11),83,11,0,6
236,"September 20, 2023,  07:22 PM",Motion to Invoke Cloture: Gen. Randy A. George for appointment as Chief of Staff of the Army and appointment in the U.S. Army to be General,On the Cloture Motion PN537,Cloture Motion Agreed to (92-1),92,1,0,7
237,"September 21, 2023,  11:45 AM",Confirmation: General Randy A. George for appointment as Chief of Staff of the Army and appointment in the U.S. Army: to be General,On the Nomination PN537,Nomination Confirmed (96-1),96,1,0,3
238,"September 21, 2023,  12:38 PM",Motion to Invoke Cloture: Gen. Eric M. Smith for appointment as Commandant of the Marine Corps and appointment in the U.S. Marine Corps: to be General,On the Cloture Motion PN691,Cloture Motion Agreed to (96-0),96,0,0,4
239,"September 21, 2023,  01:42 PM",Confirmation: General Eric M. Smith for appointment as Commandant of the Marine Corps and appointment in the U.S. Marine Corps: to be General,On the Nomination PN691,Nomination Confirmed (96-0),96,0,0,4
240,"September 26, 2023,  05:34 PM",Motion to Invoke Cloture: Motion to Proceed to H.R. 3935,On the Cloture Motion H.R. 3935,"Cloture Motion Agreed to (77-19, 3/5 majority required)",77,19,0,4
241,"September 28, 2023,  11:45 AM",Motion to Proceed to H.R. 3935,On the Motion to Proceed H.R. 3935,Motion to Proceed Agreed to (76-22),76,22,0,2
242,"September 28, 2023,  02:29 PM","Shall the Joint Resolution S.J.Res.9 Pass, the Objections of the President of the United States to the Contrary Notwithstanding",On Overriding the Veto S.J.Res. 9,"Veto Sustained (47-46, 2/3 majority required)",47,46,0,7
243,"September 28, 2023,  03:23 PM","Shall the Joint Resolution S.J.Res.24 Pass, the Objections of the President of the United States to the Contrary Notwithstanding",On Overriding the Veto S.J.Res. 24,"Veto Sustained (47-45, 2/3 majority required)",47,45,0,8
244,"September 29, 2023,  12:02 PM","Confirmation: Todd Gee, of D.C., to be U.S. Attorney for the Southern District of Mississippi",On the Nomination PN183,Nomination Confirmed (82-8),82,8,0,9
245,"September 29, 2023,  12:58 PM","Confirmation: Tara K. McGrath, of California, to be U.S. Attorney for the Southern District of California",On the Nomination PN453,Nomination Confirmed (52-37),52,37,0,10
246,"September 30, 2023,  01:04 PM",Motion to Instruct the Sergeant-at-Arms to Request the Attendance of Absentee Senators,On the Motion for Attendance H.R. 3935,Motion for Attendance Agreed to (49-48),49,48,0,2
247,"September 30, 2023,  08:10 PM",H.R. 5860,On Passage of the Bill H.R. 5860,"Bill Passed (88-9, 3/5 majority required)",88,9,0,2
248,"October 3, 2023,  05:27 PM",Motion to Invoke Cloture: James C. O'Brien to be Assistant Secretary of State (European and Eurasian Affairs),On the Cloture Motion PN676,Cloture Motion Agreed to (63-32),63,32,0,5
249,"October 4, 2023,  11:45 AM","Confirmation: James C. O'Brien, of Nebraska, to be an Assistant Secretary of State (European and Eurasian Affairs)",On the Nomination PN676,Nomination Confirmed (67-31),67,31,0,2
250,"October 4, 2023,  12:43 PM",Motion to Invoke Cloture: Brendan Abell Hurson to be U.S. District Judge for the District of Maryland,On the Cloture Motion PN451,Cloture Motion Agreed to (54-44),54,44,0,2
251,"October 4, 2023,  02:15 PM","Confirmation: Brendan Abell Hurson, of Maryland, to be to be U.S. District Judge for the District of Maryland",On the Nomination PN451,Nomination Confirmed (53-44),53,44,0,3
252,"October 4, 2023,  03:04 PM",Motion to Invoke Cloture: Susan Kim DeClercq to be U.S. District Judge for the Eastern District of Michigan,On the Cloture Motion PN589,Cloture Motion Agreed to (54-44),54,44,0,2
253,"October 4, 2023,  05:29 PM","Confirmation: Susan Kim DeClercq, of Michigan, to be U.S. District Judge for the Eastern District of Michigan",On the Nomination PN589,Nomination Confirmed (52-42),52,42,0,6
254,"October 16, 2023,  05:31 PM",Motion to Invoke Cloture: Jennifer L. Hill to be U.S. District Judge for the District of Delaware,On the Cloture Motion PN812,Cloture Motion Agreed to (63-26),63,26,0,11
255,"October 17, 2023,  11:33 AM","Confirmation: Jennifer L. Hall, of Pennsylvania, to be U.S. District Judge for the District of Delaware",On the Nomination PN812,Nomination Confirmed (67-29),67,29,0,4
256,"October 17, 2023,  12:33 PM",Motion to Invoke Cloture: Julia Kathleen Munley to be U.S. District Judge for the Middle District of Pennsylvania,On the Cloture Motion PN590,Cloture Motion Agreed to (52-43),52,43,0,5
257,"October 17, 2023,  02:15 PM","Confirmation: Julia Kathleen Munley, of Pennsylvania, to be U.S. District Judge for the Middle District of Pennsylvania",On the Nomination PN590,Nomination Confirmed (52-45),52,45,0,3
258,"October 17, 2023,  03:03 PM",Motion to Invoke Cloture: Karla Ann Gilbride to be General Counsel of the Equal Employment Opportunity Commission,On the Cloture Motion PN65,Cloture Motion Agreed to (50-47),50,47,0,3
259,"October 17, 2023,  05:24 PM","Confirmation: Karla Ann Gilbride, of Maryland, to be General Counsel of the Equal Employment Opportunity Commission",On the Nomination PN65,Nomination Confirmed (50-46),50,46,0,4
260,"October 18, 2023,  12:00 PM",S.J.Res. 32,On the Joint Resolution S.J.Res. 32,Joint Resolution Passed (53-44),53,44,0,3
261,"October 19, 2023,  01:51 PM",S.Res. 417,On the Resolution S.Res. 417,Resolution Agreed to (97-0),97,0,0,3
262,"October 24, 2023,  02:15 PM",Motion to Invoke Cloture: Michael G. Whitaker to be Administrator of the Federal Aviation Administration,On the Cloture Motion PN980,Cloture Motion Agreed to (94-0),94,0,0,6
263,"October 24, 2023,  05:08 PM","Confirmation: Michael G. Whitaker, of Vermont, to be Administrator of the Federal Aviation Administration",On the Nomination PN980,Nomination Confirmed (98-0),98,0,0,2
264,"October 24, 2023,  06:06 PM","Motion to Invoke Cloture: Jessica Looman to be Administrator of the Wage and Hour Division, Department of Labor",On the Cloture Motion PN155,Cloture Motion Agreed to (51-47),51,47,0,2
265,"October 25, 2023,  11:32 AM","Confirmation: Jessica Looman, of Minnesota, to be Administrator of the Wage and Hour Division, Department of Labor",On the Nomination PN155,Nomination Confirmed (51-46),51,46,0,3
266,"October 25, 2023,  12:31 PM",Vance Amdt. No. 1210,On the Amendment S.Amdt. 1210 to S.Amdt. 1092 to H.R. 4366 (No short title on file),Amendment Agreed to (59-38),59,38,0,3
267,"October 25, 2023,  02:18 PM",Rubio Amdt. No. 1237,On the Amendment S.Amdt. 1237 to S.Amdt. 1092 to H.R. 4366 (No short title on file),Amendment Rejected (47-51),47,51,0,2
268,"October 25, 2023,  03:10 PM",Kennedy Amdt. No. 1354,On the Amendment S.Amdt. 1354 to S.Amdt. 1092 to H.R. 4366 (No short title on file),Amendment Agreed to (53-45),53,45,0,2
269,"October 25, 2023,  05:49 PM",Lankford Amdt. No. 1232,On the Amendment S.Amdt. 1232 to S.Amdt. 1092 to H.R. 4366 (No short title on file),"Amendment Rejected (56-42, 3/5 majority required)",56,42,0,2
270,"October 26, 2023,  11:29 AM",Motion to Discharge S.J. Res. 44,On the Motion to Discharge S.J.Res. 44,Motion to Discharge Rejected (11-86),11,86,0,3
271,"October 26, 2023,  12:36 PM",Braun Amdt. No. 1182,On the Amendment S.Amdt. 1182 to S.Amdt. 1092 to H.R. 4366 (No short title on file),Amendment Rejected (35-62),35,62,0,3
272,"October 26, 2023,  01:51 PM",S.J. Res. 42,On the Joint Resolution S.J.Res. 42,Joint Resolution Defeated (47-50),47,50,0,3
273,"October 30, 2023,  05:26 PM",Motion to Invoke Cloture: Matthew James Maddox to be U.S. District Judge for the District of Maryland,On the Cloture Motion PN452,Cloture Motion Agreed to (54-40),54,40,0,6
274,"October 31, 2023,  11:28 AM","Confirmation: Matthew James Maddox, of Maryland, to be U.S. District Judge for the District of Maryland",On the Nomination PN452,Nomination Confirmed (55-42),55,42,0,3
275,"October 31, 2023,  12:50 PM",Motion to Invoke Cloture: Jacob J. Lew to be Ambassador of the United States of America to the State of Israel,On the Cloture Motion PN1062,Cloture Motion Agreed to (53-44),53,44,0,3
276,"October 31, 2023,  02:32 PM","Confirmation: Jacob J. Lew, of New York, to be Ambassador of the United States of America to the State of Israel",On the Nomination PN1062,Nomination Confirmed (53-43),53,43,0,4
277,"October 31, 2023,  03:23 PM",Hawley Amdt. No. 1200,On the Amendment S.Amdt. 1200 to S.Amdt. 1092 to H.R. 4366 (No short title on file),Amendment Agreed to (61-36),61,36,0,3
278,"October 31, 2023,  04:19 PM",Cruz Amdt. No. 1296,On the Amendment S.Amdt. 1296 to S.Amdt. 1092 to H.R. 4366 (No short title on file),Amendment Rejected (47-49),47,49,0,4
279,"October 31, 2023,  05:02 PM",Budd Amdt. No. 1243,On the Amendment S.Amdt. 1243 to S.Amdt. 1092 to H.R. 4366 (No short title on file),Amendment Rejected (45-50),45,50,0,5
280,"November 1, 2023,  11:33 AM",Paul Amdt. No. 1217,On the Amendment S.Amdt. 1217 to S.Amdt. 1092 to H.R. 4366 (No short title on file),"Amendment Rejected (46-51, 3/5 majority required)",46,51,0,3
281,"November 1, 2023,  12:43 PM",Paul Amdt. No. 1347,On the Amendment S.Amdt. 1347 to S.Amdt. 1092 to H.R. 4366 (No short title on file),"Amendment Rejected (23-74, 3/5 majority required)",23,74,0,3
282,"November 1, 2023,  02:37 PM",Cruz Amdt. No. 1249,On the Amendment S.Amdt. 1249 to S.Amdt. 1092 to H.R. 4366 (No short title on file),"Amendment Rejected (52-45, 3/5 majority required)",52,45,0,3
283,"November 1, 2023,  03:35 PM",Lee Amdt. No. 1121,On the Amendment S.Amdt. 1121 to S.Amdt. 1092 to H.R. 4366 (No short title on file),"Amendment Rejected (46-51, 3/5 majority required)",46,51,0,3
284,"November 1, 2023,  04:35 PM","H.R. 4366, as amended",On Passage of the Bill H.R. 4366,"Bill Passed (82-15, 3/5 majority required)",82,15,0,3
285,"November 1, 2023,  05:36 PM","H.R. 662, as amended",On Passage of the Bill H.R. 662,"Bill Defeated (43-53, 3/5 majority required)",43,53,0,4
286,"November 2, 2023,  11:03 AM",Motion to Invoke Cloture: Adm. Lisa M. Franchetti for Appointment as Chief of Naval Operations and to be Admiral,On the Cloture Motion PN882,Cloture Motion Agreed to (95-1),95,1,0,4
287,"November 2, 2023,  12:00 PM",Confirmation: Adm. Lisa M. Franchetti for appointment as Chief of Naval Operations and to be Admiral,On the Nomination PN882,Nomination Confirmed (95-1),95,1,0,4
288,"November 2, 2023,  12:50 PM","Motion to Invoke Cloture: Gen. David W. Allvin for appointment as Chief of Staff, U.S. Air Force, and to be General",On the Cloture Motion PN877,Cloture Motion Agreed to (95-1),95,1,0,4
289,"November 2, 2023,  01:21 PM","Confirmation: Gen. David W. Allvin for appointment as Chief of Staff, U.S. Air Force, and to be General",On the Nomination PN877,Nomination Confirmed (95-1),95,1,0,4
290,"November 2, 2023,  02:01 PM","Motion to Invoke Cloture: Lt. Gen. Christopher J. Mahoney for appointment as Asst. Commandant of the Marine Corps, and to be General",On the Cloture Motion PN881,Cloture Motion Agreed to (91-0),91,0,0,9
291,"November 2, 2023,  02:22 PM","Confirmation: Lt. Gen. Christopher J. Mahoney for appointment as Asst. Commandant of the Marine Corps, and to be General",On the Nomination PN881,Nomination Confirmed (86-0),86,0,0,14
292,"November 6, 2023,  05:31 PM",Motion to Invoke Cloture: Monica M. Bertagnolli to be Director of the National Institutes of Health,On the Cloture Motion PN649,Cloture Motion Agreed to (59-32),59,32,0,9
293,"November 7, 2023,  12:27 PM","Confirmation: Monica M. Bertagnolli, of Massachusetts, to be Director of the National Institutes of Health, Department of Health and Human Services",On the Nomination PN649,Nomination Confirmed (62-36),62,36,0,2
294,"November 7, 2023,  01:26 PM",Motion to Invoke Cloture: Kenly Kiya Kato to be U.S. District Judge for the Central District of California,On the Cloture Motion PN84,Cloture Motion Agreed to (50-47),50,47,0,3
295,"November 7, 2023,  02:24 PM","Confirmation: Kenly Kiya Kato, of California, to be U.S. District Judge for the Central District of California",On the Nomination PN84,Nomination Confirmed (51-46),51,46,0,3
296,"November 7, 2023,  03:22 PM",Motion to Invoke Cloture: Julia E. Kobick to be U.S. District Judge for the District of Massachusetts,On the Cloture Motion PN172,Cloture Motion Agreed to (52-46),52,46,0,2
297,"November 7, 2023,  05:44 PM","Confirmation: Julia E. Kobick, of Massachusetts, to be U.S. District Judge for the District of Massachusetts",On the Nomination PN172,Nomination Confirmed (52-46),52,46,0,2
298,"November 7, 2023,  06:32 PM","Motion to Invoke Cloture: Ramon Ernesto Reyes, Jr. to be U.S. District Judge for the Eastern District of New York",On the Cloture Motion PN174,Cloture Motion Agreed to (50-46),50,46,0,4
299,"November 8, 2023,  11:29 AM","Confirmation: Ramon Ernesto Reyes, Jr., of New York, to be U.S. District Judge for the Eastern District of New York",On the Nomination PN174,Nomination Confirmed (51-48),51,48,0,1
300,"November 8, 2023,  12:30 PM",Motion to Invoke Cloture: Charlotte A. Burrows to be a Member of the Equal Employment Opportunity Commission,On the Cloture Motion PN786,Cloture Motion Agreed to (51-47),51,47,0,2
301,"November 8, 2023,  02:15 PM","Confirmation: Charlotte A. Burrows, of the District of Columbia, to be a Member of the Equal Employment Opportunity Commission",On the Nomination PN786,Nomination Confirmed (51-47),51,47,0,2
302,"November 8, 2023,  03:15 PM",Motion to Invoke Cloture: Brandy R. McMillion to be U.S. District Judge for the Eastern District of Michigan,On the Cloture Motion PN813,Cloture Motion Agreed to (54-44),54,44,0,2
303,"November 8, 2023,  05:32 PM",S.J.Res. 38,On the Joint Resolution S.J.Res. 38,Joint Resolution Passed (50-48),50,48,0,2
304,"November 8, 2023,  06:15 PM",Motion to Invoke Cloture: Monica Ramirez Almadani to be U.S. District Judge for the Central District of California,On the Cloture Motion PN165,Cloture Motion Agreed to (52-46),52,46,0,2
305,"November 9, 2023,  11:30 PM","Confirmation: Monica Ramirez Almadani, of California, to be U.S. District Judge for the District of California",On the Nomination PN165,Nomination Confirmed (51-44),51,44,0,5
306,"November 9, 2023,  12:30 PM","Confirmation: Brandy R. McMillion, of Michigan, to be U.S. District Judge for the Eastern District of Michigan",On the Nomination PN813,Nomination Confirmed (53-42),53,42,0,5
307,"November 9, 2023,  01:52 PM",Motion to Invoke Cloture: Ana de Alba to be U.S. Circuit Judge for the Ninth Circuit,On the Cloture Motion PN499,Cloture Motion Agreed to (49-42),49,42,0,9
308,"November 13, 2023,  05:30 PM","Confirmation: Ana de Alba, of California, to be United States Circuit Judge for the Ninth Circuit",On the Nomination PN499,Nomination Confirmed (48-43),48,43,0,9
309,"November 14, 2023,  05:44 PM",Motion to Table Motion to Proceed to H.R. 6126,On the Motion to Table H.R. 6126,Motion to Table Agreed to (51-48),51,48,0,1
310,"November 15, 2023,  02:27 PM",S.J.Res. 43,On the Joint Resolution S.J.Res. 43,Joint Resolution Defeated (49-50),49,50,0,1
311,"November 15, 2023,  10:10 PM",Paul Amdt. No. 1366,On the Amendment S.Amdt. 1366 to H.R. 6363 (No short title on file),Amendment Rejected (32-65),32,65,0,3
312,"November 15, 2023,  11:00 PM",H.R. 6363,On Passage of the Bill H.R. 6363,"Bill Passed (87-11, 3/5 majority required)",87,11,0,2
313,"November 15, 2023,  11:18 PM","Motion to Insist on the Senate Amendment to H.R. 2670, Agree to the Request for Conference, and Authorize the Chair to Appoint Conferees","On the Motion (Motion to Insist on the Senate Amendment to H.R. 2670, Agree to the Request for Conference, and Authorize the Chair to Appoint Conferees)",Motion Agreed to (90-8),90,8,0,2
314,"November 27, 2023,  05:30 PM",Motion to Invoke Cloture: Jeffrey M. Bryan to be U.S. District Judge for the District of Minnesota,On the Cloture Motion PN903,Cloture Motion Agreed to (47-42),47,42,0,11
315,"November 28, 2023,  11:32 AM","Confirmation: Jeffrey M. Bryan, of Minnesota, to be U.S. District Judge for the District of Minnesota",On the Nomination PN903,Nomination Confirmed (49-46),49,46,0,5
316,"November 28, 2023,  12:37 PM",Motion to Invoke Cloture: Margaret M. Garnett to be U.S. District Judge for the Southern District of New York,On the Cloture Motion PN817,Cloture Motion Agreed to (49-46),49,46,0,5
317,"November 28, 2023,  02:15 PM","Confirmation: Margaret M. Garnett, of New York, to be U.S. District Judge for the Southern District of New York",On the Nomination PN817,Nomination Confirmed (49-46),49,46,0,5
318,"November 28, 2023,  03:07 PM",Motion to Invoke Cloture: Jose Javier Rodriguez to be an Assistant Secretary of Labor,On the Cloture Motion PN157,Cloture Motion Rejected (44-51),44,51,0,5
319,"November 29, 2023,  11:37 AM",Motion to Invoke Cloture: Micah W.J. Smith to be U.S. District Judge for the District of Hawaii,On the Cloture Motion PN1022,Cloture Motion Agreed to (57-42),57,42,0,1
320,"November 29, 2023,  02:36 PM","Confirmation: Micah W.J. Smith, of Hawaii, to be U.S. District Judge for the District of Hawaii",On the Nomination PN1022,Nomination Confirmed (57-41),57,41,0,2
321,"November 29, 2023,  03:23 PM",Motion to Invoke Cloture: Jamel Semper to be U.S. District Judge for the District of New Jersey,On the Cloture Motion PN1023,Cloture Motion Agreed to (54-44),54,44,0,2
322,"November 29, 2023,  05:18 PM","Confirmation: Jamel Semper, of New Jersey, to be U.S. District Judge for the District of New Jersey",On the Nomination PN1023,Nomination Confirmed (54-44),54,44,0,2
323,"November 29, 2023,  06:23 PM",Motion to Invoke Cloture: Shanlyn A.S. Park to be U.S. District Judge for the District of Hawaii,On the Cloture Motion PN1053,Cloture Motion Agreed to (53-44),53,44,0,3
324,"November 30, 2023,  11:30 AM","Confirmation: Shanlyn A.S. Park, of Hawaii, to be U.S. District Judge for the District of Hawaii",On the Nomination PN1053,Nomination Confirmed (53-45),53,45,0,2
325,"November 30, 2023,  01:31 PM",Motion to Invoke Cloture: Irma Carrillo Ramirez to be U.S. Circuit Judge for the Fifth Circuit,On the Cloture Motion PN500,Cloture Motion Agreed to (80-17),80,17,0,3
326,"December 4, 2023,  05:24 PM","Confirmation: Irma Carrillo Ramirez, of Texas, to be United States Circuit Judge for the Fifth Circuit",On the Nomination PN500,Nomination Confirmed (80-12),80,12,0,8
327,"December 5, 2023,  11:39 AM",Motion to Invoke Cloture: Loren L. AliKhan to be U.S. District Judge for the District of Columbia,On the Cloture Motion PN588,"Cloture Motion Agreed to (50-50, Vice President of the United States, voted Yea)",50,50,0,0
328,"December 5, 2023,  02:15 PM","Confirmation: Loren L. AliKhan, of the District of Columbia, to be U.S. District Judge for the District of Columbia",On the Nomination PN588,"Nomination Confirmed (50-50, Vice President of the United States, voted Yea)",50,50,0,0
329,"December 5, 2023,  05:32 PM",Motion to Invoke Cloture: Elizabeth H. Richard to be Coordinator for Counterterrorism,On the Cloture Motion PN36,Cloture Motion Agreed to (63-37),63,37,0,0
330,"December 6, 2023,  12:40 PM","Motion to Invoke Cloture: Nathalie Rayes, of Massachusetts, to be Ambassador to the Republic of Croatia",On the Cloture Motion PN648,Cloture Motion Agreed to (53-47),53,47,0,0
331,"December 6, 2023,  03:38 PM","Confirmation: Nathalie Rayes, of Massachusetts, to be Ambassador to the Republic of Croatia",On the Nomination PN648,Nomination Confirmed (53-47),53,47,0,0
332,"December 6, 2023,  04:34 PM",Motion to Invoke Cloture: Motion to Proceed to H.R. 815,On Cloture on the Motion to Proceed H.R. 815,"Cloture on the Motion to Proceed Rejected (49-51, 3/5 majority required)",49,51,0,0
333,"December 7, 2023,  11:31 AM",Motion to Discharge S.J.Res. 51,On the Motion to Discharge S.J.Res. 51,Motion to Discharge Rejected (13-84),13,84,0,3
334,"December 7, 2023,  12:40 PM",Motion to Proceed to the Conference Report to Accompany H.R. 2670,On the Motion to Proceed H.R. 2670,Motion to Proceed Agreed to (82-15),82,15,0,3
335,"December 7, 2023,  01:50 PM",Motion to Invoke Cloture: Richard E. N. Federico to be U.S. Circuit Judge for the Tenth Circuit,On the Cloture Motion PN904,Cloture Motion Agreed to (63-32),63,32,0,5
336,"December 11, 2023,  05:35 PM","Confirmation: Richard E.N. Federico, of Kansas, to be United States Circuit Judge for the Tenth Circuit",On the Nomination PN904,Nomination Confirmed (61-29),61,29,0,10
337,"December 12, 2023,  11:47 AM",Motion to Invoke Cloture: Harry Coker Jr. to be National Cyber Director,On the Cloture Motion PN876,Cloture Motion Agreed to (59-40),59,40,0,1
338,"December 12, 2023,  02:15 PM","Confirmation: Harry Coker, Jr., of Kansas, to be National Cyber Director",On the Nomination PN876,Nomination Confirmed (59-40),59,40,0,1
339,"December 12, 2023,  03:12 PM",Motion to Table Schumer Amdt. No. 1373,On the Motion to Table S.Amdt. 1373 to H.R. 2670 (National Defense Authorization Act for Fiscal Year 2024),Motion to Table Failed (47-53),47,53,0,0
340,"December 12, 2023,  04:40 PM",Motion to Table Schumer Motion to Recommit Conference Report to Accompany H.R. 2670,On the Motion to Table H.R. 2670,Motion to Table Failed (26-73),26,73,0,1
341,"December 12, 2023,  05:40 PM",Motion to Invoke Cloture: Conference Report to Accompany H.R. 2670,On the Cloture Motion H.R. 2670,"Cloture Motion Agreed to (85-15, 3/5 majority required)",85,15,0,0
342,"December 13, 2023,  05:47 PM",Motion to Waive the Rule 28 Point of Order Re: Section 7902 of the Conference Report to Accompany H.R. 2670,On the Motion (Motion to Waive the Rule 28 Point of Order Re: Section 7902 of the Conference Report to Accompany H.R. 2670),"Motion Agreed to (65-35, 3/5 majority required)",65,35,0,0
343,"December 13, 2023,  06:46 PM",Conference Report to Accompany H.R. 2670,On the Conference Report H.R. 2670,Conference Report Agreed to (87-13),87,13,0,0
344,"December 14, 2023,  11:55 AM","Motion to Invoke Cloture: Jerry Edwards, Jr. to be U.S. District Judge for the Western District of Louisiana",On the Cloture Motion PN769,Cloture Motion Agreed to (66-31),66,31,0,3
345,"December 14, 2023,  03:00 PM","Confirmation: Jerry Edwards, Jr., of Louisiana, to be U.S. District Judge for the Western District of Louisiana",On the Nomination PN769,Nomination Confirmed (66-24),66,24,0,10
346,"December 14, 2023,  03:49 PM","Confirmation: Brandon S. Long, of Louisiana, to be U.S. District Judge for the Eastern District of Louisiana",On the Nomination PN771,Nomination Confirmed (64-22),64,22,0,14
347,"December 18, 2023,  05:27 PM","Confirmation: Martin O'Malley, of Maryland, to be Commissioner of the Social Security Administration",On the Nomination PN900,Nomination Confirmed (50-11),50,11,0,39
348,"December 19, 2023,  02:15 PM",Motion to Invoke Cloture: Christopher Charles Fonzone to be an Assistant Attorney General,On the Cloture Motion PN981,Cloture Motion Agreed to (49-18),49,18,0,33
349,"December 19, 2023,  02:54 PM","Confirmation: Christopher Charles Fonzone, of Pennsylvania, to be an Assistant Attorney General",On the Nomination PN981,Nomination Confirmed (50-17),50,17,0,33
350,"December 19, 2023,  03:37 PM",Motion to Invoke Cloture: Sara E. Hill to be U.S. District Judge for the Northern District of Oklahoma,On the Cloture Motion PN1103,Cloture Motion Agreed to (52-14),52,14,0,34
351,"December 19, 2023,  04:10 PM","Confirmation: Sara E. Hill, of Oklahoma, to be U.S. District Judge for the Northern District of Oklahoma",On the Nomination PN1103,Nomination Confirmed (52-14),52,14,0,34
352,"December 19, 2023,  04:47 PM","Confirmation: Elizabeth H. Richard, of Virginia, to be Coordinator for Counterterrorism",On the Nomination PN36,Nomination Confirmed (49-15),49,15,0,36
